Price,Property Details,Bedrooms,Bathrooms,Size,Property Type,Postal Code
1950000,"4bds3ba2,567sqft- House for sale",4,3,"2,567",House for sale,V5K 1C5
375000,1bd1ba484sqft- House for sale,1,1,484,House for sale,V6G 3E7
4600000,"6bds3ba2,874sqft- House for sale",6,3,"2,874",House for sale,V6R 2G9
4600000,"6bds3ba3,120sqft- House for sale",6,3,"3,120",House for sale,V6R 2G9
1799000,"3bds4ba1,607sqft- Multi-family home for sale",3,4,"1,607",Multi-family home for sale,V5K 2W8
925000,"2bds2ba1,499sqft- Condo for sale",2,2,"1,499",Condo for sale,V6H 3S8
1649800,"2bds2ba1,110sqft- Condo for sale",2,2,"1,110",Condo for sale,V6B 0B5
890000,"3bds3ba1,404sqft- Townhouse for sale",3,3,"1,404",Townhouse for sale,V5P 4V4
395000,1bd1ba615sqft- Condo for sale,1,1,615,Condo for sale,V6G 1K4
27500000,"6bds9ba10,709sqft- House for sale",6,9,"10,709",House for sale,V6P 6B5
685500,"3bds2ba1,244sqft- Condo for sale",3,2,"1,244",Condo for sale,V5P 2S2
1399000,"3bds2ba1,522sqft- Townhouse for sale",3,2,"1,522",Townhouse for sale,V6H 3P1
18880000,"4bds7ba7,214sqft- Condo for sale",4,7,"7,214",Condo for sale,V6C 0B5
833333,3bds2ba961sqft- Townhouse for sale,3,2,961,Townhouse for sale,V5R 3P9
799000,2bds2ba855sqft- Townhouse for sale,2,2,855,Townhouse for sale,V6K 1S8
550000,2bds2ba744sqft- Condo for sale,2,2,744,Condo for sale,V6E 1S5
19988000,"4bds6ba7,299sqft- Condo for sale",4,6,"7,299",Condo for sale,V6E 0A8
749900,"2bds2ba1,006sqft- Condo for sale",2,2,"1,006",Condo for sale,V6J 4S3
1099000,"3bds3ba1,442sqft- Townhouse for sale",3,3,"1,442",Townhouse for sale,V5K 1S5
327000,1bd1ba547sqft- Condo for sale,1,1,547,Condo for sale,V6G 1X9
579000,2bds1ba690sqft- Condo for sale,2,1,690,Condo for sale,V5N 1H1
14980000,"5bds8ba5,125sqft- House for sale",5,8,"5,125",House for sale,V6M 1S1
16900000,"7bds11ba11,271sqft- House for sale",7,11,"11,271",House for sale,V6N 3X9
1099000,"3bds4ba1,315sqft- Multi-family home for sale",3,4,"1,315",Multi-family home for sale,V5K 2H9
2128000,"2bds2ba1,068sqft- House for sale",2,2,"1,068",House for sale,V6K 3N7
1099000,"3bds2ba1,819sqft- Condo for sale",3,2,"1,819",Condo for sale,V6H 3W2
989988,"3bds2ba1,266sqft- Townhouse for sale",3,2,"1,266",Townhouse for sale,V6R 4R2
509900,2bds2ba812sqft- Condo for sale,2,2,812,Condo for sale,V6E 1S8
28880000,"8bds12ba15,371sqft- House for sale",8,12,"15,371",House for sale,V6P 1R1
18900000,"3bds5ba4,346sqft- Condo for sale",3,5,"4,346",Condo for sale,V6G 1A5
350000,2bds1ba595sqft- Condo for sale,2,1,595,Condo for sale,V6B 6A2
21800000,"8bds9ba11,963sqft- House for sale",8,9,"11,963",House for sale,V6J 4H2
985000,"4bds3ba1,672sqft- Townhouse for sale",4,3,"1,672",Townhouse for sale,V5S 4K9
14900000,"4bds6ba4,870sqft- House for sale",4,6,"4,870",House for sale,V6K 1A4
699900,"2bds2ba1,217sqft- Condo for sale",2,2,"1,217",Condo for sale,V5S 4K4
1998000,"3bds2ba1,323sqft- Condo for sale",3,2,"1,323",Condo for sale,V6K 1L2
1249000,"4bds3ba1,300sqft- Multi-family home for sale",4,3,"1,300",Multi-family home for sale,V5X 1E5
768000,"2bds2ba1,061sqft- Condo for sale",2,2,"1,061",Condo for sale,V6A 4B6
799000,"2bds2ba1,055sqft- Condo for sale",2,2,"1,055",Condo for sale,V6E 1H5
1475000,"3bds2ba1,502sqft- House for sale",3,2,"1,502",House for sale,V5N 1T6
18000000,"5bds7ba13,272sqft- House for sale",5,7,"13,272",House for sale,V6P 6K5
579000,1bd1ba567sqft- Condo for sale,1,1,567,Condo for sale,V6J 1J6
3375000,"7bds6ba3,296sqft- House for sale",7,6,"3,296",House for sale,V6R 3M1
699000,2bds2ba751sqft- Condo for sale,2,2,751,Condo for sale,V6Z 2R3
1089900,"2bds2ba1,136sqft- Townhouse for sale",2,2,"1,136",Townhouse for sale,V6J 1R6
23999000,"8bds12ba20,629sqft- House for sale",8,12,"20,629",House for sale,V6J 3P4
4599000,"5bds4ba2,775sqft- House for sale",5,4,"2,775",House for sale,V6L 1X9
379000,1bd1ba620sqft- Condo for sale,1,1,620,Condo for sale,V6E 1S8
1299000,"3bds3ba1,609sqft- Multi-family home for sale",3,3,"1,609",Multi-family home for sale,V5R 1T7
1399900,"3bds3ba1,456sqft- House for sale",3,3,"1,456",House for sale,V5V 1R7
969000,"3bds2ba1,358sqft- Townhouse for sale",3,2,"1,358",Townhouse for sale,V5K 5H5
1399000,"3bds4ba1,390sqft- Multi-family home for sale",3,4,"1,390",Multi-family home for sale,V5P 1P5
16800000,"5bds7ba6,310sqft- House for sale",5,7,"6,310",House for sale,V6N 1E6
314900,Studio1ba430sqft- Condo for sale,0,1,430,Condo for sale,V6E 1P6
869000,3bds2ba996sqft- Condo for sale,3,2,996,Condo for sale,V5R 6E6
1974000,"3bds2ba2,723sqft- Condo for sale",3,2,"2,723",Condo for sale,V5Z 4B3
19990000,"6bds10ba9,655sqft- House for sale",6,10,"9,655",House for sale,V6H 2W3
28888000,"7bds11ba10,077sqft- House for sale",7,11,"10,077",House for sale,V6T 1A9
16880000,"6bds8ba7,103sqft- House for sale",6,8,"7,103",House for sale,V6M 3J6
699900,"3bds1ba1,105sqft- Townhouse for sale",3,1,"1,105",Townhouse for sale,V5S 4A1
18880000,"3bds5ba6,041sqft- Condo for sale",3,5,"6,041",Condo for sale,V6C 2C6
14880000,"9bds11ba8,730sqft- House for sale",9,11,"8,730",House for sale,V6M 3H7
2698000,"5bds2ba2,975sqft- House for sale",5,2,"2,975",House for sale,V6R 2H4
848000,2bds1ba711sqft- Condo for sale,2,1,711,Condo for sale,V6J 1L4
530000,1bd1ba292sqft- House for sale,1,1,292,House for sale,V6E 4R5
989000,2bds2ba890sqft- Townhouse for sale,2,2,890,Townhouse for sale,V6K 1L1
2200000,"3bds3ba1,442sqft- Townhouse for sale",3,3,"1,442",Townhouse for sale,V6P 1X5
14588000,"5bds8ba6,402sqft- House for sale",5,8,"6,402",House for sale,V6M 3H4
9880000,"7bds10ba7,568sqft- House for sale",7,10,"7,568",House for sale,V6P 5V4
1149000,"3bds1ba1,383sqft- Townhouse for sale",3,1,"1,383",Townhouse for sale,V6H 3N9
1198000,"3bds2ba1,387sqft- Townhouse for sale",3,2,"1,387",Townhouse for sale,V6S 1T5
748000,2bds2ba751sqft- Condo for sale,2,2,751,Condo for sale,V6Z 2S8
22000000,"5bds6ba6,487sqft- House for sale",5,6,"6,487",House for sale,V6T 1B7
1199800,"2bds2ba1,245sqft- Townhouse for sale",2,2,"1,245",Townhouse for sale,V6H 3P1
4777000,"5bds5ba4,246sqft- House for sale",5,5,"4,246",House for sale,V6J 4C9
999000,"1bd1ba1,098sqft- House for sale",1,1,"1,098",House for sale,V5L 2A3
1299000,"5bds3ba1,355sqft- Multi-family home for sale",5,3,"1,355",Multi-family home for sale,V5K 2E7
1298000,"2bds2ba1,375sqft- Condo for sale",2,2,"1,375",Condo for sale,V6E 4M2
849900,2bds2ba780sqft- Condo for sale,2,2,780,Condo for sale,V6K 1R6
3488000,"4bds3ba2,334sqft- House for sale",4,3,"2,334",House for sale,V6N 3T8
1250000,"3bds3ba1,150sqft- Townhouse for sale",3,3,"1,150",Townhouse for sale,V6P 2B4
1699999,"2bds2ba1,349sqft- Condo for sale",2,2,"1,349",Condo for sale,V6B 0G4
1199000,"3bds4ba1,580sqft- Townhouse for sale",3,4,"1,580",Townhouse for sale,V5L 0A6
15700000,"7bds8ba6,912sqft- House for sale",7,8,"6,912",House for sale,V6P 5W8
1449900,"6bds4ba2,050sqft- House for sale",6,4,"2,050",House for sale,V5V 4V9
999999,"3bds2ba1,199sqft- Townhouse for sale",3,2,"1,199",Townhouse for sale,V5R 4S8
1425000,"2bds2ba1,452sqft- House for sale",2,2,"1,452",House for sale,V5K 2L3
1980000,"4bds3ba1,884sqft- Condo for sale",4,3,"1,884",Condo for sale,V6E 4N1
899000,"2bds2ba1,043sqft- Condo for sale",2,2,"1,043",Condo for sale,V6B 6B7
1738000,"4bds4ba1,615sqft- Multi-family home for sale",4,4,"1,615",Multi-family home for sale,V5N 2G2
2150000,"6bds3ba2,053sqft- House for sale",6,3,"2,053",House for sale,V5V 4H9
1599000,"2bds2ba1,466sqft- Condo for sale",2,2,"1,466",Condo for sale,V5Z 4G3
1988000,"6bds3ba2,420sqft- House for sale",6,3,"2,420",House for sale,V5W 1A6
458000,1bd1ba845sqft- Condo for sale,1,1,845,Condo for sale,V6M 2E3
32000000,1bd1ba640sqft- House for sale,1,1,640,House for sale,V6T 1A8
1249000,"2bds2ba1,068sqft- Condo for sale",2,2,"1,068",Condo for sale,V6G 2J9
849900,2bds2ba924sqft- Condo for sale,2,2,924,Condo for sale,V6E 1K7
8199000,"5bds5ba3,791sqft- House for sale",5,5,"3,791",House for sale,V6J 1A7
1199900,"3bds3ba1,144sqft- Townhouse for sale",3,3,"1,144",Townhouse for sale,V5P 1G4
998000,"2bds2ba1,047sqft- Condo for sale",2,2,"1,047",Condo for sale,V6K 1L6
4998000,"5bds4ba4,193sqft- House for sale",5,4,"4,193",House for sale,V6R 1K2
1199000,"3bds2ba1,262sqft- Townhouse for sale",3,2,"1,262",Townhouse for sale,V5N 2M6
795000,"2bds2ba1,214sqft- Condo for sale",2,2,"1,214",Condo for sale,V6G 1R3
1175900,"2bds2ba1,130sqft- Townhouse for sale",2,2,"1,130",Townhouse for sale,V6B 0B1
1498000,"2bds2ba1,179sqft- Townhouse for sale",2,2,"1,179",Townhouse for sale,V6B 5T5
14999900,"5bds9ba9,186sqft- Condo for sale",5,9,"9,186",Condo for sale,V6E 4L5
399000,1bd1ba484sqft- House for sale,1,1,484,House for sale,V5T 4C9
765000,"2bds1ba1,064sqft- Condo for sale",2,1,"1,064",Condo for sale,V5Z 4B3
949900,2bds2ba917sqft- Condo for sale,2,2,917,Condo for sale,V6K 1B8
12988000,"12bds12ba12,195sqft- House for sale",12,12,"12,195",House for sale,V6J 4H2
2088000,"3bds2ba2,392sqft- House for sale",3,2,"2,392",House for sale,V6M 2H8
950000,2bds2ba844sqft- Condo for sale,2,2,844,Condo for sale,V5Z 1R1
479000,1bd1ba752sqft- Condo for sale,1,1,752,Condo for sale,V6G 2R8
599900,1bd1ba949sqft- Condo for sale,1,1,949,Condo for sale,V6H 3W2
2980000,"2bds2ba1,477sqft- Condo for sale",2,2,"1,477",Condo for sale,V6E 2A7
1600000,"4bds2ba2,257sqft- House for sale",4,2,"2,257",House for sale,V5R 3S1
2788000,"9bds7ba3,435sqft- House for sale",9,7,"3,435",House for sale,V5M 2Y8
19800000,"6bds7ba8,401sqft- House for sale",6,7,"8,401",House for sale,V6H 2W3
3098000,"5bds4ba2,230sqft- Townhouse for sale",5,4,"2,230",Townhouse for sale,V6J 3T4
360000,1bd1ba447sqft- Condo for sale,1,1,447,Condo for sale,V6A 0E6
2999900,"2bds3ba1,429sqft- Condo for sale",2,3,"1,429",Condo for sale,V6G 2S3
1499000,"3bds3ba1,640sqft- Townhouse for sale",3,3,"1,640",Townhouse for sale,V5T 1H9
888000,2bds2ba945sqft- Condo for sale,2,2,945,Condo for sale,V6H 1A7
969000,2bds1ba805sqft- Condo for sale,2,1,805,Condo for sale,V6R 3H4
6480000,"5bds7ba4,883sqft- House for sale",5,7,"4,883",House for sale,V6P 1C7
1998800,"3bds3ba1,430sqft- Townhouse for sale",3,3,"1,430",Townhouse for sale,V6P 4K2
1099900,"4bds3ba1,224sqft- Townhouse for sale",4,3,"1,224",Townhouse for sale,V5N 5J2
1049000,"3bds2ba1,114sqft- Townhouse for sale",3,2,"1,114",Townhouse for sale,V5V 3M7
1990000,"3bds3ba1,706sqft- Townhouse for sale",3,3,"1,706",Townhouse for sale,V5Z 4H6
545000,1bd1ba497sqft- Condo for sale,1,1,497,Condo for sale,V6K 3W2
1625000,"3bds3ba2,352sqft- House for sale",3,3,"2,352",House for sale,V5N 1J1
10388000,"6bds7ba5,406sqft- House for sale",6,7,"5,406",House for sale,V6M 3P3
11800000,"5bds8ba5,283sqft- House for sale",5,8,"5,283",House for sale,V6R 1C2
1299000,"3bds3ba1,673sqft- Townhouse for sale",3,3,"1,673",Townhouse for sale,V6A 0A6
950000,"2bds2ba1,025sqft- Condo for sale",2,2,"1,025",Condo for sale,V5Z 1A6
858000,3bds1ba977sqft- Condo for sale,3,1,977,Condo for sale,V6B 0E8
1798000,"3bds4ba1,583sqft- Townhouse for sale",3,4,"1,583",Townhouse for sale,V6K 2E8
975000,2bds2ba968sqft- Condo for sale,2,2,968,Condo for sale,V6G 1N9
2450000,"2bds3ba1,675sqft- Condo for sale",2,3,"1,675",Condo for sale,V6R 2H6
748800,1bd1ba660sqft- Condo for sale,1,1,660,Condo for sale,V5Z 1T2
2499900,"4bds3ba1,592sqft- House for sale",4,3,"1,592",House for sale,V5Y 1W7
30000000,"3bds2ba2,000sqft- House for sale",3,2,"2,000",House for sale,V6T 1A8
750000,"2bds2ba1,056sqft- Condo for sale",2,2,"1,056",Condo for sale,V6B 0E6
1638000,"4bds2ba1,362sqft- House for sale",4,2,"1,362",House for sale,V5V 4H1
1300000,"4bds1ba2,215sqft- House for sale",4,1,"2,215",House for sale,V6A 2G8
2299900,"4bds3ba1,668sqft- Townhouse for sale",4,3,"1,668",Townhouse for sale,V5V 2H6
1498000,"7bds2ba1,974sqft- House for sale",7,2,"1,974",House for sale,V5N 2W1
12990000,"5bds8ba7,479sqft- House for sale",5,8,"7,479",House for sale,V6J 2S1
858800,2bds2ba896sqft- Condo for sale,2,2,896,Condo for sale,V6E 4N2
3300000,"4bds3ba1,590sqft- Condo for sale",4,3,"1,590",Condo for sale,V5T 0J7
1999000,"5bds3ba2,418sqft- House for sale",5,3,"2,418",House for sale,V5K 1E3
359900,1bd1ba625sqft- Condo for sale,1,1,625,Condo for sale,V6G 2H9
775000,2bds2ba875sqft- Condo for sale,2,2,875,Condo for sale,V6B 6E4
819900,2bds2ba730sqft- Townhouse for sale,2,2,730,Townhouse for sale,V6H 1P7
2350000,"2bds3ba1,675sqft- House for sale",2,3,"1,675",House for sale,V6E 1L3
1599000,"4bds4ba1,760sqft- Multi-family home for sale",4,4,"1,760",Multi-family home for sale,V5P 2J2
6298000,"6bds6ba5,048sqft- House for sale",6,6,"5,048",House for sale,V6R 2A9
1198000,"1bd2ba1,027sqft- Condo for sale",1,2,"1,027",Condo for sale,V6G 2J2
1628000,"2bds2ba1,124sqft- House for sale",2,2,"1,124",House for sale,V6K 2A1
1879000,"2bds2ba1,717sqft- Condo for sale",2,2,"1,717",Condo for sale,V6H 1S5
1440000,"3bds2ba1,365sqft- Townhouse for sale",3,2,"1,365",Townhouse for sale,V6K 3Y3
850000,2bds2ba937sqft- Condo for sale,2,2,937,Condo for sale,V6Z 2M2
1398000,"2bds2ba1,597sqft- Condo for sale",2,2,"1,597",Condo for sale,V6G 1B3
1749000,"3bds2ba1,576sqft- House for sale",3,2,"1,576",House for sale,V5W 1H7
2998000,"4bds4ba3,495sqft- House for sale",4,4,"3,495",House for sale,V6P 6P8
4288000,"6bds6ba4,019sqft- House for sale",6,6,"4,019",House for sale,V6H 2Y7
4499999,"8bds6ba6,190sqft- House for sale",8,6,"6,190",House for sale,V6P 1S6
2199900,"4bds3ba1,668sqft- Townhouse for sale",4,3,"1,668",Townhouse for sale,V5Z 2E8
988000,"2bds2ba1,063sqft- Condo for sale",2,2,"1,063",Condo for sale,V6E 1Y5
9898000,"5bds6ba4,591sqft- Condo for sale",5,6,"4,591",Condo for sale,V6B 0R6
869990,"2bds1ba1,069sqft- Condo for sale",2,1,"1,069",Condo for sale,V6A 1B5
399000,1bd1ba589sqft- Condo for sale,1,1,589,Condo for sale,V6G 1R3
1749000,"5bds2ba1,800sqft- House for sale",5,2,"1,800",House for sale,V5K 2W5
1598800,"3bds1ba1,626sqft- House for sale",3,1,"1,626",House for sale,V5W 1Z9
1290000,"2bds2ba1,248sqft- Townhouse for sale",2,2,"1,248",Townhouse for sale,V5V 1Z4
585000,1bd1ba584sqft- Condo for sale,1,1,584,Condo for sale,V6Z 1B1
1349000,"2bds3ba1,378sqft- Townhouse for sale",2,3,"1,378",Townhouse for sale,V6E 3M5
1015000,"2bds2ba1,071sqft- Townhouse for sale",2,2,"1,071",Townhouse for sale,V5Z 1A3
2049900,"3bds4ba1,802sqft- Townhouse for sale",3,4,"1,802",Townhouse for sale,V6H 2A9
1960000,"3bds2ba1,367sqft- Multi-family home for sale",3,2,"1,367",Multi-family home for sale,V6J 3W3
5500000,"4bds4ba2,899sqft- Condo for sale",4,4,"2,899",Condo for sale,V6G 1Z2
1698000,"3bds3ba1,711sqft- House for sale",3,3,"1,711",House for sale,V6A 1V7
2698000,"5bds3ba3,044sqft- House for sale",5,3,"3,044",House for sale,V6N 1H2
1580000,"2bds2ba1,217sqft- Townhouse for sale",2,2,"1,217",Townhouse for sale,V6J 3R2
699000,"2bds2ba1,127sqft- Condo for sale",2,2,"1,127",Condo for sale,V5P 4Y3
3879000,"4bds4ba2,448sqft- House for sale",4,4,"2,448",House for sale,V5Z 1X2
1500000,"2bds2ba1,212sqft- Townhouse for sale",2,2,"1,212",Townhouse for sale,V6Z 2W5
1199900,"3bds2ba1,054sqft- Condo for sale",3,2,"1,054",Condo for sale,V6Z 1W1
788800,2bds2ba705sqft- Condo for sale,2,2,705,Condo for sale,V5T 0K4
1049000,"3bds2ba1,009sqft- Townhouse for sale",3,2,"1,009",Townhouse for sale,V5R 4S7
4888000,"3bds4ba1,977sqft- Condo for sale",3,4,"1,977",Condo for sale,V6H 1Y2
7980000,"5bds4ba4,896sqft- House for sale",5,4,"4,896",House for sale,V6H 3A6
1199000,"2bds2ba1,550sqft- Townhouse for sale",2,2,"1,550",Townhouse for sale,V6H 2R8
499900,1bd1ba718sqft- Condo for sale,1,1,718,Condo for sale,V6B 1G4
7980000,"6bds6ba6,129sqft- House for sale",6,6,"6,129",House for sale,V6M 3G2
3299800,"7bds7ba2,854sqft- House for sale",7,7,"2,854",House for sale,V6P 4R7
2438000,"3bds3ba1,434sqft- Condo for sale",3,3,"1,434",Condo for sale,V6B 0R6
998800,"2bds2ba1,032sqft- Condo for sale",2,2,"1,032",Condo for sale,V6J 5H7
799000,2bds2ba677sqft- Condo for sale,2,2,677,Condo for sale,V5V 4E9
628000,2bds2ba828sqft- Condo for sale,2,2,828,Condo for sale,V5N 2T7
7288000,"5bds6ba4,782sqft- House for sale",5,6,"4,782",House for sale,V6R 2Y4
489000,1bd1ba595sqft- Condo for sale,1,1,595,Condo for sale,V6H 2R4
3728000,"6bds4ba2,466sqft- House for sale",6,4,"2,466",House for sale,V5Z 3L2
2299900,"4bds2ba2,074sqft- House for sale",4,2,"2,074",House for sale,V6R 2A7
10990000,"4bds4ba5,739sqft- House for sale",4,4,"5,739",House for sale,V6P 7A1
1298000,"3bds2ba1,638sqft- House for sale",3,2,"1,638",House for sale,V5N 3K7
589900,1bd1ba454sqft- Condo for sale,1,1,454,Condo for sale,V5Y 0H6
6280000,"5bds6ba4,157sqft- House for sale",5,6,"4,157",House for sale,V6N 3K6
2998000,"3bds3ba1,720sqft- Condo for sale",3,3,"1,720",Condo for sale,V6Z 0H1
1699000,"4bds4ba2,520sqft- House for sale",4,4,"2,520",House for sale,V5R 2L8
12888000,"6bds10ba9,905sqft- House for sale",6,10,"9,905",House for sale,V6H 2J6
1880000,"6bds3ba2,492sqft- House for sale",6,3,"2,492",House for sale,V5N 3N4
669000,2bds1ba732sqft- Condo for sale,2,1,732,Condo for sale,V6A 1P2
1499000,"3bds2ba1,294sqft- Townhouse for sale",3,2,"1,294",Townhouse for sale,V5T 3R9
12980000,"7bds9ba11,543sqft- House for sale",7,9,"11,543",House for sale,V6J 2V1
799000,2bds2ba815sqft- Townhouse for sale,2,2,815,Townhouse for sale,V6A 1Z9
650000,2bds2ba877sqft- Condo for sale,2,2,877,Condo for sale,V5R 5J4
5998000,"4bds5ba3,610sqft- House for sale",4,5,"3,610",House for sale,V6N 1R9
3298000,"3bds3ba1,682sqft- House for sale",3,3,"1,682",House for sale,V6K 4E2
1699900,"3bds3ba1,484sqft- Townhouse for sale",3,3,"1,484",Townhouse for sale,V5Y 2H7
1449000,"2bds2ba1,206sqft- Condo for sale",2,2,"1,206",Condo for sale,V6G 1Y5
3880000,"5bds7ba2,812sqft- House for sale",5,7,"2,812",House for sale,V5Z 2B2
5488000,"7bds6ba4,122sqft- House for sale",7,6,"4,122",House for sale,V5Y 2W3
1198000,"2bds3ba1,412sqft- Townhouse for sale",2,3,"1,412",Townhouse for sale,V5Z 4A4
9480000,"6bds7ba5,388sqft- House for sale",6,7,"5,388",House for sale,V6M 3J3
2998000,"4bds3ba2,542sqft- House for sale",4,3,"2,542",House for sale,V6G 1J8
1250000,"3bds3ba1,050sqft- Multi-family home for sale",3,3,"1,050",Multi-family home for sale,V5W 1V6
598000,Studio1ba457sqft- Condo for sale,0,1,457,Condo for sale,V6B 5T1
1489900,"3bds3ba1,155sqft- Townhouse for sale",3,3,"1,155",Townhouse for sale,V5Y 1Y2
739900,2bds1ba708sqft- Townhouse for sale,2,1,708,Townhouse for sale,V5R 0E5
1960000,"4bds4ba2,532sqft- House for sale",4,4,"2,532",House for sale,V5K 2C9
2598000,"5bds3ba1,890sqft- House for sale",5,3,"1,890",House for sale,V6R 1S2
379900,1bd1ba448sqft- Condo for sale,1,1,448,Condo for sale,V6A 0E6
2098000,"5bds3ba2,119sqft- House for sale",5,3,"2,119",House for sale,V5K 2S7
3880000,"5bds5ba3,315sqft- House for sale",5,5,"3,315",House for sale,V6N 3V3
7999800,"5bds3ba5,467sqft- House for sale",5,3,"5,467",House for sale,V6M 1X9
1499000,"6bds6ba2,764sqft- House for sale",6,6,"2,764",House for sale,V5K 2L9
1049000,"3bds2ba1,072sqft- Condo for sale",3,2,"1,072",Condo for sale,V5N 3A1
999000,3bds2ba916sqft- Condo for sale,3,2,916,Condo for sale,V6Z 0E3
3388000,"4bds3ba3,623sqft- House for sale",4,3,"3,623",House for sale,V6R 1R3
1469000,"2bds2ba1,157sqft- Condo for sale",2,2,"1,157",Condo for sale,V6B 6A8
2588800,"4bds4ba2,000sqft- Townhouse for sale",4,4,"2,000",Townhouse for sale,V6N 2T2
718800,1bd2ba956sqft- Condo for sale,1,2,956,Condo for sale,V6H 3S8
2498000,"3bds4ba1,751sqft- House for sale",3,4,"1,751",House for sale,V5V 2K2
2499000,"3bds4ba3,095sqft- Condo for sale",3,4,"3,095",Condo for sale,V6B 2W6
3499000,"3bds3ba2,086sqft- Townhouse for sale",3,3,"2,086",Townhouse for sale,V6Z 2Y3
2698000,"8bds4ba2,400sqft- House for sale",8,4,"2,400",House for sale,V5X 1C9
3380000,"3bds3ba2,519sqft- House for sale",3,3,"2,519",House for sale,V6S 1C2
1588000,"5bds5ba1,758sqft- Multi-family home for sale",5,5,"1,758",Multi-family home for sale,V5R 3B4
6688000,"10bds10ba6,057sqft- House for sale",10,10,"6,057",House for sale,V6M 2G7
1499800,"2bds2ba1,161sqft- Townhouse for sale",2,2,"1,161",Townhouse for sale,V6G 2E2
1998000,"7bds6ba2,421sqft- House for sale",7,6,"2,421",House for sale,V5P 1A3
1648000,"5bds2ba2,040sqft- House for sale",5,2,"2,040",House for sale,V5T 2H4
12250000,"4bds5ba5,420sqft- Condo for sale",4,5,"5,420",Condo for sale,V6C 0A2
5299000,"5bds5ba3,347sqft- House for sale",5,5,"3,347",House for sale,V6R 1H4
9580000,"6bds7ba5,209sqft- House for sale",6,7,"5,209",House for sale,V6M 3P1
4378000,"3bds4ba3,092sqft- House for sale",3,4,"3,092",House for sale,V6M 3T5
1498800,"3bds2ba1,464sqft- House for sale",3,2,"1,464",House for sale,V5W 2Y9
3498000,"4bds4ba3,464sqft- House for sale",4,4,"3,464",House for sale,V6S 1N2
3399888,"4bds4ba2,073sqft- Condo for sale",4,4,"2,073",Condo for sale,V6B 0L1
545900,Studio1ba455sqft- Condo for sale,0,1,455,Condo for sale,V6A 2J6
899999,2bds1ba812sqft- Condo for sale,2,1,812,Condo for sale,V6J 4V4
1499000,"3bds4ba1,471sqft- Multi-family home for sale",3,4,"1,471",Multi-family home for sale,V5N 2V8
399888,1bd1ba566sqft- Condo for sale,1,1,566,Condo for sale,V6A 0B2
1398000,"3bds4ba1,356sqft- Multi-family home for sale",3,4,"1,356",Multi-family home for sale,V5R 1Y5
1088000,2bds2ba855sqft- Condo for sale,2,2,855,Condo for sale,V6H 4G8
2499000,"2bds3ba1,634sqft- House for sale",2,3,"1,634",House for sale,V6J 2L2
1599900,"3bds2ba1,756sqft- House for sale",3,2,"1,756",House for sale,V5R 1W1
749000,1bd1ba840sqft- Townhouse for sale,1,1,840,Townhouse for sale,V6H 1A7
1598888,"5bds4ba1,717sqft- Multi-family home for sale",5,4,"1,717",Multi-family home for sale,V5M 1L9
3880000,"6bds6ba4,220sqft- House for sale",6,6,"4,220",House for sale,V6M 4E8
3658000,"6bds6ba2,887sqft- House for sale",6,6,"2,887",House for sale,V6K 2R1
4699000,"4bds6ba3,027sqft- House for sale",4,6,"3,027",House for sale,V6S 1P5
749900,2bds1ba860sqft- Condo for sale,2,1,860,Condo for sale,V6E 1L6
509000,1bd1ba527sqft- Condo for sale,1,1,527,Condo for sale,V6E 4C2
2088000,"5bds2ba2,116sqft- House for sale",5,2,"2,116",House for sale,V5V 4R5
1099000,"2bds2ba1,006sqft- Condo for sale",2,2,"1,006",Condo for sale,V6G 1Z3
6500000,"3bds3ba1,998sqft- Condo for sale",3,3,"1,998",Condo for sale,V6G 3H7
1899000,"4bds3ba1,380sqft- Multi-family home for sale",4,3,"1,380",Multi-family home for sale,V6K 2B7
549000,1bd1ba526sqft- Condo for sale,1,1,526,Condo for sale,V6J 4P9
1548000,"3bds4ba1,430sqft- Multi-family home for sale",3,4,"1,430",Multi-family home for sale,V5N 2V8
970000,3bds2ba962sqft- Condo for sale,3,2,962,Condo for sale,V6B 6N6
1499000,"1bd2ba1,091sqft- Condo for sale",1,2,"1,091",Condo for sale,V6A 4H6
7500000,"6bds8ba4,810sqft- House for sale",6,8,"4,810",House for sale,V6M 1L1
1399000,"3bds4ba1,285sqft- Multi-family home for sale",3,4,"1,285",Multi-family home for sale,V5R 1M1
975000,"2bds2ba1,039sqft- Condo for sale",2,2,"1,039",Condo for sale,V6B 0E8
790000,2bds2ba804sqft- Condo for sale,2,2,804,Condo for sale,V5N 1Z2
1649000,"4bds2ba1,789sqft- House for sale",4,2,"1,789",House for sale,V5R 1Y1
980000,"3bds3ba1,213sqft- Townhouse for sale",3,3,"1,213",Townhouse for sale,V5S 0E3
1795000,"2bds2ba1,791sqft- Multi-family home for sale",2,2,"1,791",Multi-family home for sale,V6K 1G8
1498000,"2bds2ba1,099sqft- Condo for sale",2,2,"1,099",Condo for sale,V6B 0H4
3850000,"4bds3ba2,041sqft- Condo for sale",4,3,"2,041",Condo for sale,V6G 2R2
2399000,"5bds4ba2,347sqft- Multi-family home for sale",5,4,"2,347",Multi-family home for sale,V5N 2N3
1899000,"6bds3ba2,325sqft- House for sale",6,3,"2,325",House for sale,V6R 3L3
2769000,"6bds4ba2,408sqft- House for sale",6,4,"2,408",House for sale,V6S 1Z5
2780000,"2bds3ba1,841sqft- Condo for sale",2,3,"1,841",Condo for sale,V6B 1S2
756000,"2bds2ba1,053sqft- Condo for sale",2,2,"1,053",Condo for sale,V6A 4B6
5990000,"5bds7ba4,732sqft- House for sale",5,7,"4,732",House for sale,V6M 2L8
660000,2bds1ba610sqft- Condo for sale,2,1,610,Condo for sale,V6Z 1W1
3490000,"4bds4ba2,564sqft- House for sale",4,4,"2,564",House for sale,V6L 1W6
3680000,"3bds4ba2,358sqft- Condo for sale",3,4,"2,358",Condo for sale,V6B 0M6
2498000,"3bds3ba2,701sqft- House for sale",3,3,"2,701",House for sale,V6K 1T1
2888000,"5bds4ba2,618sqft- House for sale",5,4,"2,618",House for sale,V6M 2T5
8900000,"4bds5ba3,722sqft- Condo for sale",4,5,"3,722",Condo for sale,V6C 0B5
1588000,"3bds3ba1,385sqft- House for sale",3,3,"1,385",House for sale,V5N 2W5
1190000,"3bds2ba1,095sqft- Condo for sale",3,2,"1,095",Condo for sale,V6B 0C7
8890000,"5bds6ba6,422sqft- House for sale",5,6,"6,422",House for sale,V6J 4H2
14880000,"6bds8ba9,072sqft- House for sale",6,8,"9,072",House for sale,V6H 2H5
7598000,"3bds4ba2,948sqft- Condo for sale",3,4,"2,948",Condo for sale,V6Z 3G1
528000,2bds1ba777sqft- Condo for sale,2,1,777,Condo for sale,V5V 3E2
3998000,"4bds4ba2,773sqft- House for sale",4,4,"2,773",House for sale,V5Z 1Z7
395000,1bd1ba584sqft- Condo for sale,1,1,584,Condo for sale,V6P 4E6
4449000,"4bds5ba4,002sqft- House for sale",4,5,"4,002",House for sale,V6J 3A1
555000,1bd1ba482sqft- Condo for sale,1,1,482,Condo for sale,V6Z 0E3
1549000,"2bds2ba1,230sqft- Condo for sale",2,2,"1,230",Condo for sale,V6Z 2S8
899900,"2bds2ba1,161sqft- Condo for sale",2,2,"1,161",Condo for sale,V6B 0E6
2498000,"4bds4ba3,299sqft- House for sale",4,4,"3,299",House for sale,V5T 2N6
1129000,2bds2ba991sqft- Townhouse for sale,2,2,991,Townhouse for sale,V5N 3S3
1799900,"3bds3ba2,614sqft- House for sale",3,3,"2,614",House for sale,V5R 4W4
5868000,"2bds3ba2,259sqft- Condo for sale",2,3,"2,259",Condo for sale,V6C 3T1
1188000,"3bds3ba1,097sqft- Multi-family home for sale",3,3,"1,097",Multi-family home for sale,V5X 2A4
4250000,"4bds6ba2,891sqft- House for sale",4,6,"2,891",House for sale,V6K 2Z7
2698000,"4bds2ba2,138sqft- House for sale",4,2,"2,138",House for sale,V6S 1C9
1899000,"3bds2ba1,749sqft- House for sale",3,2,"1,749",House for sale,V5W 2V6
550000,1bd1ba536sqft- Condo for sale,1,1,536,Condo for sale,V6Z 2S8
2499000,"4bds4ba1,905sqft- Multi-family home for sale",4,4,"1,905",Multi-family home for sale,V6R 2T7
1688000,"2bds2ba1,273sqft- Condo for sale",2,2,"1,273",Condo for sale,V6Z 2R1
890000,2bds1ba914sqft- Condo for sale,2,1,914,Condo for sale,V6K 4L6
4398000,"5bds6ba2,967sqft- House for sale",5,6,"2,967",House for sale,V6S 1E2
6690000,"5bds7ba4,398sqft- House for sale",5,7,"4,398",House for sale,V6R 2S8
919000,"2bds2ba1,001sqft- Condo for sale",2,2,"1,001",Condo for sale,V6E 1P3
7388000,"8bds8ba4,777sqft- House for sale",8,8,"4,777",House for sale,V6L 1G3
599000,1bd1ba605sqft- Condo for sale,1,1,605,Condo for sale,V5K 3G4
989000,"3bds3ba1,404sqft- Townhouse for sale",3,3,"1,404",Townhouse for sale,V5K 5H5
878000,2bds2ba927sqft- Condo for sale,2,2,927,Condo for sale,V5L 1Z3
1998000,"3bds3ba1,333sqft- Townhouse for sale",3,3,"1,333",Townhouse for sale,V6L 1S2
1588000,"3bds3ba1,315sqft- House for sale",3,3,"1,315",House for sale,V5N 2W6
4680000,"4bds6ba2,760sqft- House for sale",4,6,"2,760",House for sale,V6R 3B5
1750000,"7bds4ba2,080sqft- House for sale",7,4,"2,080",House for sale,V5N 4J9
1995000,"2bds3ba1,890sqft- Townhouse for sale",2,3,"1,890",Townhouse for sale,V6J 4X3
925000,"2bds2ba1,061sqft- Condo for sale",2,2,"1,061",Condo for sale,V5P 4X2
3548000,"6bds5ba3,911sqft- House for sale",6,5,"3,911",House for sale,V6P 3R4
1349000,"3bds2ba1,115sqft- Condo for sale",3,2,"1,115",Condo for sale,V5V 1H7
1499999,"3bds3ba1,331sqft- Townhouse for sale",3,3,"1,331",Townhouse for sale,V5L 4H3
799000,1bd1ba667sqft- Condo for sale,1,1,667,Condo for sale,V6J 5L9
6980000,"6bds8ba6,502sqft- House for sale",6,8,"6,502",House for sale,V6P 6J4
2799000,"2bds3ba1,955sqft- Condo for sale",2,3,"1,955",Condo for sale,V6J 1H2
1938000,"5bds3ba2,171sqft- House for sale",5,3,"2,171",House for sale,V5P 4B3
2598000,"2bds3ba1,574sqft- Condo for sale",2,3,"1,574",Condo for sale,V6E 1V6
1488000,"2bds2ba1,084sqft- Condo for sale",2,2,"1,084",Condo for sale,V6B 2X6
4199800,"9bds8ba3,025sqft- House for sale",9,8,"3,025",House for sale,V6L 2A4
3798000,"2bds2ba1,730sqft- House for sale",2,2,"1,730",House for sale,V6R 1K7
1999000,"2bds2ba1,606sqft- Condo for sale",2,2,"1,606",Condo for sale,V6E 1T7
1800000,"3bds2ba1,657sqft- House for sale",3,2,"1,657",House for sale,V5N 2E8
3488000,"5bds6ba3,394sqft- House for sale",5,6,"3,394",House for sale,V5R 5P4
1359000,"6bds3ba2,647sqft- House for sale",6,3,"2,647",House for sale,V5T 3W5
739900,1bd1ba587sqft- Condo for sale,1,1,587,Condo for sale,V5Y 0L7
499900,1bd1ba405sqft- Condo for sale,1,1,405,Condo for sale,V6B 3E6
5678000,"4bds6ba4,857sqft- House for sale",4,6,"4,857",House for sale,V6J 3K8
1130000,2bds2ba925sqft- Condo for sale,2,2,925,Condo for sale,V6Z 2Z5
1968000,"6bds5ba1,988sqft- House for sale",6,5,"1,988",House for sale,V5K 3A4
2649000,"2bds3ba1,596sqft- Townhouse for sale",2,3,"1,596",Townhouse for sale,V6Z 0A7
699000,1bd1ba610sqft- Condo for sale,1,1,610,Condo for sale,V6B 1M9
2988888,"2bds2ba1,536sqft- Condo for sale",2,2,"1,536",Condo for sale,V6B 5T1
2288000,"6bds3ba2,941sqft- House for sale",6,3,"2,941",House for sale,V5R 3H5
799900,2bds2ba862sqft- Condo for sale,2,2,862,Condo for sale,V6E 4E4
7380000,"5bds7ba4,602sqft- House for sale",5,7,"4,602",House for sale,V6S 1P3
1498000,"2bds2ba1,280sqft- Condo for sale",2,2,"1,280",Condo for sale,V6E 4M2
1399000,"3bds3ba1,257sqft- Townhouse for sale",3,3,"1,257",Townhouse for sale,V5T 3Z5
799900,2bds2ba880sqft- Condo for sale,2,2,880,Condo for sale,V6Z 2M9
5998000,"6bds7ba4,343sqft- House for sale",6,7,"4,343",House for sale,V6P 2C3
715000,"2bds2ba1,247sqft- Condo for sale",2,2,"1,247",Condo for sale,V5S 2L7
1859000,"2bds3ba1,824sqft- Townhouse for sale",2,3,"1,824",Townhouse for sale,V6G 2W6
2989000,"4bds3ba2,520sqft- House for sale",4,3,"2,520",House for sale,V5V 1X1
789000,2bds2ba749sqft- Condo for sale,2,2,749,Condo for sale,V6E 4S1
1349000,"2bds2ba1,008sqft- Townhouse for sale",2,2,"1,008",Townhouse for sale,V6M 1P4
1199000,"2bds2ba1,284sqft- Condo for sale",2,2,"1,284",Condo for sale,V6G 3C8
2668800,"3bds4ba1,978sqft- Townhouse for sale",3,4,"1,978",Townhouse for sale,V6P 4K2
489000,1bd1ba612sqft- Condo for sale,1,1,612,Condo for sale,V6G 1R3
679000,1bd1ba701sqft- Condo for sale,1,1,701,Condo for sale,V6G 1T6
2580000,"6bds3ba2,438sqft- House for sale",6,3,"2,438",House for sale,V6K 2C6
699000,2bds1ba698sqft- Condo for sale,2,1,698,Condo for sale,V5T 1P7
7498000,"3bds5ba3,449sqft- Condo for sale",3,5,"3,449",Condo for sale,V6B 0N4
3298000,"3bds3ba1,516sqft- Condo for sale",3,3,"1,516",Condo for sale,V6Z 3H6
2198000,"6bds4ba2,560sqft- House for sale",6,4,"2,560",House for sale,V5X 1V6
1949000,"2bds3ba1,409sqft- Townhouse for sale",2,3,"1,409",Townhouse for sale,V6G 3J9
1849000,"5bds3ba2,380sqft- House for sale",5,3,"2,380",House for sale,V5L 2K1
968000,"3bds2ba1,098sqft- Condo for sale",3,2,"1,098",Condo for sale,V6B 0E9
1200000,2bds2ba808sqft- Condo for sale,2,2,808,Condo for sale,V6R 1A8
13800000,"7bds4ba5,613sqft- House for sale",7,4,"5,613",House for sale,V6J 4H5
1599000,"4bds2ba1,787sqft- House for sale",4,2,"1,787",House for sale,V5N 2R2
1075000,"3bds3ba1,693sqft- Townhouse for sale",3,3,"1,693",Townhouse for sale,V5P 4V4
2509900,"3bds3ba1,583sqft- Townhouse for sale",3,3,"1,583",Townhouse for sale,V5Y 0B6
5680000,"2bds3ba1,886sqft- Condo for sale",2,3,"1,886",Condo for sale,V6C 0C1
1498888,"4bds2ba1,760sqft- House for sale",4,2,"1,760",House for sale,V5X 2K7
1938000,"6bds4ba2,029sqft- House for sale",6,4,"2,029",House for sale,V5K 2M2
2375000,"5bds4ba2,069sqft- House for sale",5,4,"2,069",House for sale,V5L 4H3
1348000,"2bds2ba1,010sqft- Condo for sale",2,2,"1,010",Condo for sale,V6K 1C5
9680000,"4bds4ba2,769sqft- Condo for sale",4,4,"2,769",Condo for sale,V6G 1B9
479000,1bd1ba612sqft- Condo for sale,1,1,612,Condo for sale,V6G 1R3
7680000,"7bds9ba7,030sqft- House for sale",7,9,"7,030",House for sale,V6M 3N5
1249900,"2bds3ba1,141sqft- Townhouse for sale",2,3,"1,141",Townhouse for sale,V5N 3V8
1478000,"3bds3ba1,129sqft- Multi-family home for sale",3,3,"1,129",Multi-family home for sale,V5L 2Z5
3500000,"3bds3ba2,463sqft- Condo for sale",3,3,"2,463",Condo for sale,V6G 1Z1
1685000,"4bds2ba1,889sqft- House for sale",4,2,"1,889",House for sale,V5K 1H8
1560000,"6bds2ba1,899sqft- House for sale",6,2,"1,899",House for sale,V5L 2X6
6225000,"3bds4ba3,954sqft- House for sale",3,4,"3,954",House for sale,V6R 1L1
2270000,"6bds3ba3,100sqft- House for sale",6,3,"3,100",House for sale,V5S 3B5
6990000,"6bds7ba4,726sqft- House for sale",6,7,"4,726",House for sale,V6M 2N7
4420000,"6bds4ba3,473sqft- House for sale",6,4,"3,473",House for sale,V6R 2R3
1499888,"3bds3ba1,604sqft- Townhouse for sale",3,3,"1,604",Townhouse for sale,V6P 4X2
5380000,"5bds6ba4,027sqft- House for sale",5,6,"4,027",House for sale,V6N 3V5
1475000,"2bds2ba1,209sqft- Townhouse for sale",2,2,"1,209",Townhouse for sale,V6K 1G5
619000,1bd1ba661sqft- Condo for sale,1,1,661,Condo for sale,V6K 1B8
4218000,"7bds7ba6,555sqft- Condo for sale",7,7,"6,555",Condo for sale,V6B 6J3
5498000,"4bds4ba4,599sqft- House for sale",4,4,"4,599",House for sale,V6J 3N6
7800000,"2bds3ba2,254sqft- House for sale",2,3,"2,254",House for sale,V6N 1N2
11980000,"6bds7ba5,424sqft- House for sale",6,7,"5,424",House for sale,V6M 3M2
3798000,"3bds3ba1,590sqft- Condo for sale",3,3,"1,590",Condo for sale,V6Z 2P5
1100000,"2bds2ba1,186sqft- Condo for sale",2,2,"1,186",Condo for sale,V6B 6B9
1950000,"5bds3ba2,823sqft- House for sale",5,3,"2,823",House for sale,V5T 2A5
3180000,"4bds4ba2,652sqft- House for sale",4,4,"2,652",House for sale,V5Y 2W9
5000000,"4bds4ba2,991sqft- Condo for sale",4,4,"2,991",Condo for sale,V6J 2K6
6998000,"5bds5ba4,277sqft- House for sale",5,5,"4,277",House for sale,V6R 1H7
6888000,"4bds5ba5,011sqft- House for sale",4,5,"5,011",House for sale,V6R 1B4
1899000,"3bds2ba1,998sqft- House for sale",3,2,"1,998",House for sale,V5R 4L6
699900,2bds1ba753sqft- Condo for sale,2,1,753,Condo for sale,V5N 1R8
648800,2bds2ba850sqft- Condo for sale,2,2,850,Condo for sale,V5R 6A7
3798000,"4bds3ba3,623sqft- House for sale",4,3,"3,623",House for sale,V6N 4G1
1631000,"5bds5ba2,659sqft- House for sale",5,5,"2,659",House for sale,V5P 2L9
3999000,"5bds4ba3,368sqft- House for sale",5,4,"3,368",House for sale,V6H 2B8
1399000,"2bds3ba1,323sqft- Townhouse for sale",2,3,"1,323",Townhouse for sale,V6Z 3C5
849000,1bd2ba670sqft- Condo for sale,1,2,670,Condo for sale,V6B 6M3
11880000,"7bds8ba5,660sqft- House for sale",7,8,"5,660",House for sale,V6M 3N7
3250000,"5bds5ba2,084sqft- Multi-family home for sale",5,5,"2,084",Multi-family home for sale,V6M 2B1
818000,2bds1ba669sqft- Condo for sale,2,1,669,Condo for sale,V6K 1E1
1145500,2bds2ba844sqft- Condo for sale,2,2,844,Condo for sale,V5V 2Z7
4980000,"7bds6ba4,695sqft- House for sale",7,6,"4,695",House for sale,V6R 2L3
639900,2bds1ba678sqft- Condo for sale,2,1,678,Condo for sale,V5L 1J8
1199000,"3bds3ba1,042sqft- Multi-family home for sale",3,3,"1,042",Multi-family home for sale,V5P 2T4
7480000,"2bds3ba2,600sqft- Condo for sale",2,3,"2,600",Condo for sale,V6C 0C1
6499000,"3bds3ba2,723sqft- Condo for sale",3,3,"2,723",Condo for sale,V6C 3R5
1550000,"4bds2ba1,666sqft- House for sale",4,2,"1,666",House for sale,V5N 4S2
998000,"3bds3ba1,808sqft- Townhouse for sale",3,3,"1,808",Townhouse for sale,V5S 4S1
3985000,"2bds3ba1,831sqft- Condo for sale",2,3,"1,831",Condo for sale,V6C 0B2
680000,1bd1ba651sqft- Condo for sale,1,1,651,Condo for sale,V6E 4R7
2449999,"4bds5ba2,174sqft- Multi-family home for sale",4,5,"2,174",Multi-family home for sale,V6N 3C2
5680000,"6bds7ba4,022sqft- House for sale",6,7,"4,022",House for sale,V6H 2A8
1938000,"6bds4ba1,913sqft- House for sale",6,4,"1,913",House for sale,V5W 1R2
2598000,"3bds4ba1,730sqft- Multi-family home for sale",3,4,"1,730",Multi-family home for sale,V6S 1R4
1049999,"1bd1ba1,169sqft- Condo for sale",1,1,"1,169",Condo for sale,V6B 6J3
1898000,"3bds2ba1,776sqft- House for sale",3,2,"1,776",House for sale,V5V 4L8
6388000,"5bds6ba4,574sqft- House for sale",5,6,"4,574",House for sale,V6N 2L7
4999999,"8bds4ba5,840sqft- House for sale",8,4,"5,840",House for sale,V6J 1C3
599000,1bd1ba636sqft- Condo for sale,1,1,636,Condo for sale,V6R 1W4
7990000,"6bds7ba6,257sqft- House for sale",6,7,"6,257",House for sale,V6H 2Z1
12980000,"6bds8ba7,324sqft- House for sale",6,8,"7,324",House for sale,V6M 3M4
1499900,"3bds3ba1,537sqft- Condo for sale",3,3,"1,537",Condo for sale,V5S 0E3
1449000,"3bds3ba1,179sqft- Townhouse for sale",3,3,"1,179",Townhouse for sale,V5N 3V8
699000,2bds1ba990sqft- Condo for sale,2,1,990,Condo for sale,V6A 0B2
3488000,"3bds2ba2,040sqft- House for sale",3,2,"2,040",House for sale,V6R 2S6
2990000,"4bds3ba2,705sqft- Condo for sale",4,3,"2,705",Condo for sale,V6G 3A7
5750000,"5bds7ba4,059sqft- House for sale",5,7,"4,059",House for sale,V6N 2T5
8280000,"4bds5ba4,596sqft- House for sale",4,5,"4,596",House for sale,V6M 1W1
2528000,"3bds4ba1,525sqft- Multi-family home for sale",3,4,"1,525",Multi-family home for sale,V6K 1Y4
459000,1bd1ba401sqft- Condo for sale,1,1,401,Condo for sale,V6G 1L3
1788000,"4bds6ba2,811sqft- House for sale",4,6,"2,811",House for sale,V5L 4E6
559990,1bd1ba443sqft- Condo for sale,1,1,443,Condo for sale,V5Y 0M2
2560000,"2bds3ba1,413sqft- Condo for sale",2,3,"1,413",Condo for sale,V6Z 2H7
12875000,"3bds6ba4,175sqft- Condo for sale",3,6,"4,175",Condo for sale,V6J 2H9
4290000,"6bds5ba3,634sqft- House for sale",6,5,"3,634",House for sale,V6L 1G8
11880000,"7bds8ba6,175sqft- House for sale",7,8,"6,175",House for sale,V6M 3H5
5500000,"8bds6ba5,886sqft- House for sale",8,6,"5,886",House for sale,V6P 1Y1
6580000,"5bds6ba4,253sqft- House for sale",5,6,"4,253",House for sale,V6R 2L1
2498000,"5bds2ba2,037sqft- House for sale",5,2,"2,037",House for sale,V6R 3C1
698000,2bds1ba770sqft- Condo for sale,2,1,770,Condo for sale,V6B 2W6
1899000,"5bds2ba2,186sqft- House for sale",5,2,"2,186",House for sale,V5P 4L9
7888000,"6bds5ba5,547sqft- House for sale",6,5,"5,547",House for sale,V6P 2C6
3998000,"3bds3ba2,457sqft- Condo for sale",3,3,"2,457",Condo for sale,V6G 1Z1
5780000,"4bds5ba4,183sqft- House for sale",4,5,"4,183",House for sale,V6L 1M2
699000,1bd1ba560sqft- Condo for sale,1,1,560,Condo for sale,V6Z 2H7
1650000,"2bds3ba1,414sqft- Condo for sale",2,3,"1,414",Condo for sale,V6E 4T8
3588000,"6bds4ba5,577sqft- House for sale",6,4,"5,577",House for sale,V6M 2N4
2799900,"5bds2ba2,463sqft- House for sale",5,2,"2,463",House for sale,V6K 2X9
1499000,"2bds2ba1,111sqft- Condo for sale",2,2,"1,111",Condo for sale,V6R 3B7
3890000,"3bds2ba2,864sqft- House for sale",3,2,"2,864",House for sale,V6R 1G2
485000,1bd1ba403sqft- Condo for sale,1,1,403,Condo for sale,V6E 4R7
1999000,"2bds2ba1,302sqft- Condo for sale",2,2,"1,302",Condo for sale,V6Z 2Y2
3870000,"3bds3ba2,492sqft- Condo for sale",3,3,"2,492",Condo for sale,V6Z 1V8
499900,1bd1ba764sqft- Condo for sale,1,1,764,Condo for sale,V6B 1G4
1498000,"2bds2ba1,407sqft- Townhouse for sale",2,2,"1,407",Townhouse for sale,V5Z 1C1
1479000,"3bds4ba1,238sqft- Multi-family home for sale",3,4,"1,238",Multi-family home for sale,V5K 1S7
2790000,"5bds3ba1,996sqft- House for sale",5,3,"1,996",House for sale,V6N 2H7
879000,2bds1ba829sqft- Condo for sale,2,1,829,Condo for sale,V5T 4S8
3998000,"3bds3ba2,042sqft- Condo for sale",3,3,"2,042",Condo for sale,V6B 5Z5
2298000,"3bds2ba1,852sqft- Townhouse for sale",3,2,"1,852",Townhouse for sale,V6H 1B7
3688888,"3bds4ba2,613sqft- House for sale",3,4,"2,613",House for sale,V6L 2B6
5298000,"5bds5ba4,278sqft- House for sale",5,5,"4,278",House for sale,V6M 3J3
1168000,"3bds3ba1,282sqft- Townhouse for sale",3,3,"1,282",Townhouse for sale,V5R 0B1
999000,"2bds2ba1,156sqft- Condo for sale",2,2,"1,156",Condo for sale,V6B 0A6
559000,1bd1ba624sqft- Condo for sale,1,1,624,Condo for sale,V6K 2N5
1848000,"4bds3ba1,689sqft- Townhouse for sale",4,3,"1,689",Townhouse for sale,V5Z 0C8
9980000,"5bds5ba4,361sqft- House for sale",5,5,"4,361",House for sale,V6R 1C8
5580000,"7bds7ba4,207sqft- House for sale",7,7,"4,207",House for sale,V6L 2C7
2998000,"3bds4ba1,879sqft- House for sale",3,4,"1,879",House for sale,V6L 1A2
19000000,"6bds8ba8,170sqft- House for sale",6,8,"8,170",House for sale,V6J 2T1
6550000,"5bds5ba6,403sqft- House for sale",5,5,"6,403",House for sale,V6J 4E8
1628800,"3bds3ba1,493sqft- Multi-family home for sale",3,3,"1,493",Multi-family home for sale,V5W 3J2
1368000,"4bds3ba1,400sqft- House for sale",4,3,"1,400",House for sale,V5S 3W6
869000,1bd1ba965sqft- Townhouse for sale,1,1,965,Townhouse for sale,V6J 4X9
2780000,"6bds4ba2,990sqft- House for sale",6,4,"2,990",House for sale,V6S 1M5
499900,1bd1ba733sqft- Condo for sale,1,1,733,Condo for sale,V5L 4W7
2399000,"5bds3ba2,301sqft- House for sale",5,3,"2,301",House for sale,V5V 2A1
12880000,"4bds2ba4,680sqft- House for sale",4,2,"4,680",House for sale,V6T 1B4
1098000,"3bds2ba1,183sqft- Condo for sale",3,2,"1,183",Condo for sale,V6A 4B6
2790000,"3bds3ba1,823sqft- Condo for sale",3,3,"1,823",Condo for sale,V6C 0B5
599000,2bds2ba873sqft- Condo for sale,2,2,873,Condo for sale,V6P 3E8
1295000,"3bds2ba1,211sqft- Condo for sale",3,2,"1,211",Condo for sale,V6B 6B9
4698000,"5bds4ba4,082sqft- House for sale",5,4,"4,082",House for sale,V6S 2M2
2398000,"3bds3ba1,589sqft- Townhouse for sale",3,3,"1,589",Townhouse for sale,V6Z 2Y2
4580000,"6bds4ba2,785sqft- House for sale",6,4,"2,785",House for sale,V6R 3C5
3480000,"6bds5ba2,930sqft- House for sale",6,5,"2,930",House for sale,V6L 1K5
1028000,"3bds2ba1,316sqft- Townhouse for sale",3,2,"1,316",Townhouse for sale,V5R 4S8
2998000,"4bds3ba2,571sqft- House for sale",4,3,"2,571",House for sale,V6K 2Z5
2688000,"3bds3ba1,964sqft- Condo for sale",3,3,"1,964",Condo for sale,V6B 1S2
3198000,"5bds4ba3,043sqft- House for sale",5,4,"3,043",House for sale,V6P 5G7
1098000,2bds1ba876sqft- Townhouse for sale,2,1,876,Townhouse for sale,V5Y 1Y2
1225000,"2bds2ba1,016sqft- Condo for sale",2,2,"1,016",Condo for sale,V5Y 0E3
1249000,"2bds2ba1,167sqft- Condo for sale",2,2,"1,167",Condo for sale,V6A 4E1
1798000,"4bds3ba2,565sqft- House for sale",4,3,"2,565",House for sale,V5K 1Y6
2598000,"2bds3ba1,330sqft- Condo for sale",2,3,"1,330",Condo for sale,V6G 2B1
1750000,"2bds3ba1,596sqft- Townhouse for sale",2,3,"1,596",Townhouse for sale,V6Z 2X1
1650000,"3bds2ba1,262sqft- Condo for sale",3,2,"1,262",Condo for sale,V6P 0C1
1239900,2bds2ba990sqft- Townhouse for sale,2,2,990,Townhouse for sale,V5Y 1Y2
2990000,"2bds2ba1,833sqft- Condo for sale",2,2,"1,833",Condo for sale,V6C 0B5
1500000,"2bds2ba1,079sqft- Condo for sale",2,2,"1,079",Condo for sale,V6Z 2Y2
1499900,"3bds3ba1,406sqft- Multi-family home for sale",3,3,"1,406",Multi-family home for sale,V5X 1B9
11998000,"4bds3ba5,774sqft- House for sale",4,3,"5,774",House for sale,V6H 2A1
9880000,"6bds6ba5,272sqft- House for sale",6,6,"5,272",House for sale,V6M 3P2
3298000,"12bds7ba4,521sqft- House for sale",12,7,"4,521",House for sale,V6K 1W1
1649000,"2bds2ba1,219sqft- Condo for sale",2,2,"1,219",Condo for sale,V6G 3K2
1388000,"5bds3ba1,341sqft- Multi-family home for sale",5,3,"1,341",Multi-family home for sale,V5N 1T4
399000,1bd1ba651sqft- Condo for sale,1,1,651,Condo for sale,V6G 2H9
1599000,"3bds2ba1,600sqft- House for sale",3,2,"1,600",House for sale,V5M 2N6
11888000,"8bds10ba8,677sqft- House for sale",8,10,"8,677",House for sale,V6H 2J5
1099000,"2bds2ba1,049sqft- Condo for sale",2,2,"1,049",Condo for sale,V6K 1R9
10800000,"4bds6ba5,767sqft- House for sale",4,6,"5,767",House for sale,V6H 1V2
1549000,"2bds2ba1,114sqft- Condo for sale",2,2,"1,114",Condo for sale,V6G 1T9
12880000,"5bds7ba5,880sqft- House for sale",5,7,"5,880",House for sale,V6M 3L1
3698000,"4bds3ba2,793sqft- House for sale",4,3,"2,793",House for sale,V6M 2B3
424900,1bd1ba619sqft- Condo for sale,1,1,619,Condo for sale,V6G 2H9
399000,1bd1ba592sqft- Condo for sale,1,1,592,Condo for sale,V6G 2H9
7000000,"4bds4ba3,046sqft- Condo for sale",4,4,"3,046",Condo for sale,V6G 3H2
1580000,"2bds2ba1,050sqft- Condo for sale",2,2,"1,050",Condo for sale,V6B 1M9
909000,2bds2ba833sqft- Condo for sale,2,2,833,Condo for sale,V6K 1R8
585800,1bd1ba735sqft- Condo for sale,1,1,735,Condo for sale,V6R 1T8
1499999,"3bds3ba1,115sqft- Townhouse for sale",3,3,"1,115",Townhouse for sale,V6H 1R6
1580000,"5bds2ba2,390sqft- House for sale",5,2,"2,390",House for sale,V5X 2A9
4498000,"5bds6ba3,063sqft- House for sale",5,6,"3,063",House for sale,V6S 1Z6
3980000,"3bds2ba2,197sqft- Condo for sale",3,2,"2,197",Condo for sale,V6G 1Z3
3999900,"4bds4ba3,030sqft- Condo for sale",4,4,"3,030",Condo for sale,V6B 1S1
888800,"2bds2ba1,049sqft- Condo for sale",2,2,"1,049",Condo for sale,V6J 2G6
749000,1bd1ba675sqft- Condo for sale,1,1,675,Condo for sale,V6K 4B3
3750000,"10bds7ba4,445sqft- House for sale",10,7,"4,445",House for sale,V6K 4H9
1599900,"4bds2ba1,750sqft- House for sale",4,2,"1,750",House for sale,V5K 4K9
1298000,"2bds2ba1,148sqft- Townhouse for sale",2,2,"1,148",Townhouse for sale,V6J 2C5
3380000,"2bds3ba2,125sqft- Condo for sale",2,3,"2,125",Condo for sale,V6Z 2Z5
2888000,"5bds2ba2,073sqft- House for sale",5,2,"2,073",House for sale,V6R 3B1
788000,2bds2ba968sqft- Condo for sale,2,2,968,Condo for sale,V6J 4S3
2070000,"5bds2ba2,197sqft- House for sale",5,2,"2,197",House for sale,V5P 2C2
3990000,"6bds5ba3,654sqft- House for sale",6,5,"3,654",House for sale,V6L 1G1
375000,1bd1ba569sqft- Condo for sale,1,1,569,Condo for sale,V6G 2R8
7880000,"5bds8ba8,514sqft- House for sale",5,8,"8,514",House for sale,V6P 6B3
2770000,"3bds3ba1,726sqft- Townhouse for sale",3,3,"1,726",Townhouse for sale,V6K 2B3
1450000,"2bds2ba1,038sqft- Condo for sale",2,2,"1,038",Condo for sale,V6H 1S4
834900,1bd2ba989sqft- Condo for sale,1,2,989,Condo for sale,V6A 4L9
3069000,"5bds6ba3,312sqft- House for sale",5,6,"3,312",House for sale,V5P 2A4
1239000,"2bds2ba1,173sqft- Townhouse for sale",2,2,"1,173",Townhouse for sale,V5V 1Z4
1200000,"2bds2ba1,157sqft- Condo for sale",2,2,"1,157",Condo for sale,V6B 0E6
4288000,"5bds4ba2,314sqft- House for sale",5,4,"2,314",House for sale,V6R 1C4
749000,1bd1ba615sqft- Condo for sale,1,1,615,Condo for sale,V5T 4S8
645000,1bd1ba576sqft- Condo for sale,1,1,576,Condo for sale,V6G 3G9
2538000,"5bds4ba2,583sqft- House for sale",5,4,"2,583",House for sale,V6P 4T3
798888,2bds2ba741sqft- Condo for sale,2,2,741,Condo for sale,V6Z 2N7
950000,2bds2ba819sqft- Condo for sale,2,2,819,Condo for sale,V6J 5M8
2388000,"4bds2ba2,764sqft- Condo for sale",4,2,"2,764",Condo for sale,V6A 1C2
2650000,"6bds3ba2,386sqft- House for sale",6,3,"2,386",House for sale,V5Z 3K6
848888,3bds2ba885sqft- Condo for sale,3,2,885,Condo for sale,V5N 3A1
700000,2bds1ba768sqft- Condo for sale,2,1,768,Condo for sale,V5V 3C1
3178800,"2bds2ba1,568sqft- Condo for sale",2,2,"1,568",Condo for sale,V6Z 0A5
1199999,"2bds2ba1,374sqft- Condo for sale",2,2,"1,374",Condo for sale,V6G 3A7
1808000,"2bds2ba1,696sqft- Condo for sale",2,2,"1,696",Condo for sale,V6H 1S5
1976000,"6bds5ba2,175sqft- Multi-family home for sale",6,5,"2,175",Multi-family home for sale,V5K 1B8
5880000,"7bds4ba4,481sqft- House for sale",7,4,"4,481",House for sale,V6M 3P1
2980000,"7bds6ba3,273sqft- House for sale",7,6,"3,273",House for sale,V6R 2M8
899900,2bds2ba885sqft- Condo for sale,2,2,885,Condo for sale,V6B 1X3
799000,2bds1ba922sqft- Condo for sale,2,1,922,Condo for sale,V6H 1N1
6488000,"3bds3ba2,673sqft- Condo for sale",3,3,"2,673",Condo for sale,V6Z 3E8
1539000,"2bds2ba1,362sqft- Townhouse for sale",2,2,"1,362",Townhouse for sale,V6J 4W2
3988000,"4bds5ba2,794sqft- House for sale",4,5,"2,794",House for sale,V6L 2G4
839000,"2bds2ba1,106sqft- Condo for sale",2,2,"1,106",Condo for sale,V6A 4B6
998000,"2bds2ba1,182sqft- Condo for sale",2,2,"1,182",Condo for sale,V5Z 4K4
499000,1bd1ba465sqft- Condo for sale,1,1,465,Condo for sale,V6Z 2C1
2999000,"2bds3ba2,951sqft- House for sale",2,3,"2,951",House for sale,V6P 0C9
665000,1bd1ba735sqft- Condo for sale,1,1,735,Condo for sale,V6G 1M9
1749000,"6bds3ba1,678sqft- House for sale",6,3,"1,678",House for sale,V5N 5J4
1185000,"2bds2ba1,000sqft- Townhouse for sale",2,2,"1,000",Townhouse for sale,V6K 2A8
5980000,"6bds7ba4,852sqft- House for sale",6,7,"4,852",House for sale,V6P 5J7
6888000,"6bds6ba4,410sqft- House for sale",6,6,"4,410",House for sale,V6M 1H8
1795000,"2bds2ba1,111sqft- Condo for sale",2,2,"1,111",Condo for sale,V6Z 3H4
710000,1bd1ba563sqft- Condo for sale,1,1,563,Condo for sale,V5Y 0K2
778000,1bd1ba670sqft- Condo for sale,1,1,670,Condo for sale,V6E 4T8
849900,1bd1ba700sqft- Condo for sale,1,1,700,Condo for sale,V6A 0C6
1075000,"2bds2ba1,177sqft- Condo for sale",2,2,"1,177",Condo for sale,V6G 2P1
749000,2bds2ba830sqft- Condo for sale,2,2,830,Condo for sale,V6B 5X6
1589000,"3bds3ba1,468sqft- Townhouse for sale",3,3,"1,468",Townhouse for sale,V5V 4K6
1399000,"2bds2ba1,079sqft- Condo for sale",2,2,"1,079",Condo for sale,V5T 0K1
3679000,"8bds6ba3,754sqft- House for sale",8,6,"3,754",House for sale,V6R 2E6
1999999,"4bds4ba1,619sqft- Multi-family home for sale",4,4,"1,619",Multi-family home for sale,V5T 2G4
1028000,"3bds2ba1,316sqft- Townhouse for sale",3,2,"1,316",Townhouse for sale,V5R 4S8
1780000,"3bds3ba1,942sqft- Condo for sale",3,3,"1,942",Condo for sale,V6M 1W5
774800,1bd1ba772sqft- Condo for sale,1,1,772,Condo for sale,V6Z 2S6
7980000,"9bds9ba7,026sqft- House for sale",9,9,"7,026",House for sale,V6M 1P2
1250000,"3bds2ba1,090sqft- Condo for sale",3,2,"1,090",Condo for sale,V5Z 0A2
1399800,"3bds2ba1,081sqft- Condo for sale",3,2,"1,081",Condo for sale,V5W 0E5
525000,1bd1ba525sqft- Condo for sale,1,1,525,Condo for sale,V5X 3Y5
999999,"1bd2ba1,093sqft- Townhouse for sale",1,2,"1,093",Townhouse for sale,V6Z 3G6
709000,1bd1ba556sqft- Condo for sale,1,1,556,Condo for sale,V5T 0E9
999000,3bds1ba986sqft- Condo for sale,3,1,986,Condo for sale,V6B 6B8
1000000,2bds2ba870sqft- Townhouse for sale,2,2,870,Townhouse for sale,V6K 1R2
949000,"2bds2ba1,063sqft- Condo for sale",2,2,"1,063",Condo for sale,V6E 3W3
1499000,"2bds2ba1,368sqft- Condo for sale",2,2,"1,368",Condo for sale,V6B 5S3
897500,"3bds2ba1,238sqft- Condo for sale",3,2,"1,238",Condo for sale,V5P 2S2
1046900,2bds2ba977sqft- Condo for sale,2,2,977,Condo for sale,V5Z 4S7
999000,2bds2ba858sqft- Townhouse for sale,2,2,858,Townhouse for sale,V6K 2E9
4890000,"6bds7ba5,175sqft- House for sale",6,7,"5,175",House for sale,V6P 5J5
1290000,"3bds2ba1,315sqft- Condo for sale",3,2,"1,315",Condo for sale,V6H 1G6
1299000,"3bds3ba1,361sqft- Townhouse for sale",3,3,"1,361",Townhouse for sale,V6A 3J3
918000,"2bds3ba1,826sqft- Townhouse for sale",2,3,"1,826",Townhouse for sale,V5S 3X2
749000,1bd1ba817sqft- Condo for sale,1,1,817,Condo for sale,V6B 2Y5
3699000,"4bds4ba2,424sqft- House for sale",4,4,"2,424",House for sale,V6L 1K4
2999000,"3bds3ba1,781sqft- Condo for sale",3,3,"1,781",Condo for sale,V6B 0S3
1098000,"2bds2ba1,243sqft- Condo for sale",2,2,"1,243",Condo for sale,V6A 4G5
739900,2bds2ba710sqft- Condo for sale,2,2,710,Condo for sale,V6B 6H4
10800000,"3bds3ba2,115sqft- Condo for sale",3,3,"2,115",Condo for sale,V6G 1A5
919000,2bds1ba905sqft- Condo for sale,2,1,905,Condo for sale,V6J 3R3
875000,2bds2ba869sqft- Condo for sale,2,2,869,Condo for sale,V5T 4M9
3738000,"5bds5ba2,506sqft- House for sale",5,5,"2,506",House for sale,V6L 2B9
2649000,"3bds2ba1,590sqft- Condo for sale",3,2,"1,590",Condo for sale,V6E 1V4
3680000,"3bds3ba2,172sqft- Condo for sale",3,3,"2,172",Condo for sale,V6Z 3H4
455000,1bd1ba615sqft- Condo for sale,1,1,615,Condo for sale,V6P 3X3
729000,1bd1ba676sqft- Condo for sale,1,1,676,Condo for sale,V6K 1Y2
828000,1bd1ba667sqft- Condo for sale,1,1,667,Condo for sale,V6G 3E3
899000,"2bds2ba1,124sqft- Condo for sale",2,2,"1,124",Condo for sale,V5W 4B9
5980000,"6bds5ba4,622sqft- House for sale",6,5,"4,622",House for sale,V6N 3B2
549000,1bd1ba495sqft- Condo for sale,1,1,495,Condo for sale,V6B 6P6
4698000,"2bds3ba2,490sqft- Condo for sale",2,3,"2,490",Condo for sale,V6C 0A2
1748000,"3bds2ba1,391sqft- Condo for sale",3,2,"1,391",Condo for sale,V6A 4K7
965000,1bd1ba969sqft- Condo for sale,1,1,969,Condo for sale,V6G 2P7
999000,3bds2ba965sqft- Townhouse for sale,3,2,965,Townhouse for sale,V5R 4S6
979000,2bds2ba956sqft- Townhouse for sale,2,2,956,Townhouse for sale,V5Z 1C2
1449888,"3bds4ba1,550sqft- Multi-family home for sale",3,4,"1,550",Multi-family home for sale,V5M 1A7
1999999,"5bds3ba2,337sqft- House for sale",5,3,"2,337",House for sale,V5P 2M4
1698000,"3bds3ba1,395sqft- Townhouse for sale",3,3,"1,395",Townhouse for sale,V5Y 1W1
5135555,"5bds6ba4,098sqft- House for sale",5,6,"4,098",House for sale,V6N 3V5
5280000,"2bds3ba2,237sqft- Condo for sale",2,3,"2,237",Condo for sale,V6C 0B2
2660000,"4bds3ba2,248sqft- House for sale",4,3,"2,248",House for sale,V5X 3C3
1299000,"2bds2ba1,136sqft- Condo for sale",2,2,"1,136",Condo for sale,V6Z 3E3
1199000,"3bds3ba1,282sqft- Townhouse for sale",3,3,"1,282",Townhouse for sale,V5L 1W2
1699000,"2bds2ba1,208sqft- Condo for sale",2,2,"1,208",Condo for sale,V6B 2W6
2098000,"3bds2ba1,318sqft- Condo for sale",3,2,"1,318",Condo for sale,V6Z 3A4
419900,1bd1ba510sqft- Condo for sale,1,1,510,Condo for sale,V6B 2K7
1990000,"3bds2ba1,708sqft- Condo for sale",3,2,"1,708",Condo for sale,V6Z 2N1
680000,1bd1ba682sqft- Condo for sale,1,1,682,Condo for sale,V6K 1C9
2059000,"2bds3ba2,070sqft- Condo for sale",2,3,"2,070",Condo for sale,V6Z 2L9
839900,2bds2ba869sqft- Condo for sale,2,2,869,Condo for sale,V6B 6M2
1575000,"3bds3ba1,455sqft- Multi-family home for sale",3,3,"1,455",Multi-family home for sale,V5T 2T7
1050000,2bds2ba837sqft- Condo for sale,2,2,837,Condo for sale,V6A 0H2
2200000,2bds1ba902sqft- Condo for sale,2,1,902,Condo for sale,V6G 0E3
788800,2bds2ba889sqft- Condo for sale,2,2,889,Condo for sale,V6B 0E6
1388000,"3bds2ba1,494sqft- Condo for sale",3,2,"1,494",Condo for sale,V5T 2V1
2190000,"3bds3ba2,830sqft- Condo for sale",3,3,"2,830",Condo for sale,V6G 3A7
657000,1bd1ba547sqft- Condo for sale,1,1,547,Condo for sale,V6B 1K2
3150000,"4bds5ba1,925sqft- Multi-family home for sale",4,5,"1,925",Multi-family home for sale,V6R 3G1
740000,1bd1ba453sqft- Condo for sale,1,1,453,Condo for sale,V6G 0C7
2599888,"7bds7ba3,057sqft- House for sale",7,7,"3,057",House for sale,V5R 3Y5
1659000,"3bds3ba1,718sqft- Townhouse for sale",3,3,"1,718",Townhouse for sale,V6Z 1X3
799000,2bds1ba773sqft- Townhouse for sale,2,1,773,Townhouse for sale,V5Y 1Z3
9980000,"8bds9ba8,655sqft- House for sale",8,9,"8,655",House for sale,V6P 5S7
728800,1bd1ba661sqft- Condo for sale,1,1,661,Condo for sale,V6J 0B5
4098000,"5bds5ba2,814sqft- House for sale",5,5,"2,814",House for sale,V6S 1K4
1099000,"2bds2ba1,274sqft- Townhouse for sale",2,2,"1,274",Townhouse for sale,V6P 4J8
4288000,"6bds5ba3,277sqft- House for sale",6,5,"3,277",House for sale,V6S 1A9
1599000,"3bds2ba1,976sqft- House for sale",3,2,"1,976",House for sale,V5Z 1R9
1249888,"2bds2ba1,037sqft- Condo for sale",2,2,"1,037",Condo for sale,V6B 0H2
9580000,"5bds5ba5,910sqft- House for sale",5,5,"5,910",House for sale,V6H 1V8
668000,1bd1ba557sqft- Condo for sale,1,1,557,Condo for sale,V6G 3J6
715000,1bd1ba753sqft- Condo for sale,1,1,753,Condo for sale,V6B 0B7
2578000,"3bds4ba1,515sqft- Multi-family home for sale",3,4,"1,515",Multi-family home for sale,V6S 1K9
499900,1bd1ba644sqft- Condo for sale,1,1,644,Condo for sale,V5R 4P7
7800000,"2bds2ba2,486sqft- House for sale",2,2,"2,486",House for sale,V6R 4C1
649000,1bd1ba690sqft- Condo for sale,1,1,690,Condo for sale,V6A 0G8
2099000,"2bds3ba1,987sqft- Townhouse for sale",2,3,"1,987",Townhouse for sale,V6M 4H2
1249000,"2bds2ba1,079sqft- Condo for sale",2,2,"1,079",Condo for sale,V6H 3Z8
768000,2bds1ba737sqft- Townhouse for sale,2,1,737,Townhouse for sale,V6K 1P6
6388000,"5bds6ba4,586sqft- House for sale",5,6,"4,586",House for sale,V6N 2S5
1298000,"2bds2ba1,437sqft- Condo for sale",2,2,"1,437",Condo for sale,V6J 4X8
1250000,"2bds3ba1,638sqft- Townhouse for sale",2,3,"1,638",Townhouse for sale,V5X 4S9
4988000,"5bds6ba3,739sqft- House for sale",5,6,"3,739",House for sale,V6L 1R2
1700000,"2bds2ba1,432sqft- Townhouse for sale",2,2,"1,432",Townhouse for sale,V6J 2L4
889000,1bd1ba928sqft- Condo for sale,1,1,928,Condo for sale,V5T 1J8
9988000,"3bds4ba3,322sqft- Condo for sale",3,4,"3,322",Condo for sale,V6C 0C1
2689000,"5bds3ba2,592sqft- House for sale",5,3,"2,592",House for sale,V5V 2K4
973800,1bd1ba782sqft- Condo for sale,1,1,782,Condo for sale,V6Z 2Y4
2798000,"2bds2ba2,039sqft- Condo for sale",2,2,"2,039",Condo for sale,V5T 0G3
998000,1bd1ba724sqft- Condo for sale,1,1,724,Condo for sale,V6G 1A5
4680000,"5bds3ba2,493sqft- House for sale",5,3,"2,493",House for sale,V6M 1X4
1599900,"2bds3ba1,469sqft- House for sale",2,3,"1,469",House for sale,V6A 3G6
1324900,"2bds2ba1,067sqft- Condo for sale",2,2,"1,067",Condo for sale,V6Z 2W5
975000,"2bds2ba1,225sqft- Condo for sale",2,2,"1,225",Condo for sale,V5Z 4K4
7880000,"4bds5ba3,152sqft- House for sale",4,5,"3,152",House for sale,V6L 1W3
1680000,"5bds4ba1,699sqft- Multi-family home for sale",5,4,"1,699",Multi-family home for sale,V5M 2R9
1688000,"2bds2ba1,365sqft- Condo for sale",2,2,"1,365",Condo for sale,V6G 3L1
12880000,"6bds9ba8,672sqft- House for sale",6,9,"8,672",House for sale,V6P 1N4
949000,2bds1ba928sqft- Townhouse for sale,2,1,928,Townhouse for sale,V5T 3L1
1699900,"3bds3ba1,118sqft- Townhouse for sale",3,3,"1,118",Townhouse for sale,V5Z 2K3
11888000,"6bds7ba6,399sqft- House for sale",6,7,"6,399",House for sale,V6M 3H4
1150000,"3bds3ba1,929sqft- Townhouse for sale",3,3,"1,929",Townhouse for sale,V5S 4B8
2088000,"3bds3ba1,519sqft- Condo for sale",3,3,"1,519",Condo for sale,V5Z 0H3
1999900,"4bds1ba2,461sqft- House for sale",4,1,"2,461",House for sale,V5L 2Y4
1190000,"2bds3ba1,014sqft- Multi-family home for sale",2,3,"1,014",Multi-family home for sale,V5N 3K9
1150000,2bds2ba973sqft- Townhouse for sale,2,2,973,Townhouse for sale,V6K 1R2
1099000,2bds2ba898sqft- Condo for sale,2,2,898,Condo for sale,V6K 4V5
849999,2bds2ba872sqft- Condo for sale,2,2,872,Condo for sale,V6Z 1B1
5588000,"3bds3ba2,550sqft- Condo for sale",3,3,"2,550",Condo for sale,V6C 3R1
1625000,"4bds3ba1,689sqft- Multi-family home for sale",4,3,"1,689",Multi-family home for sale,V5R 4W8
2598000,"3bds4ba2,220sqft- Townhouse for sale",3,4,"2,220",Townhouse for sale,V6N 1P4
599999,1bd1ba461sqft- Condo for sale,1,1,461,Condo for sale,V5Y 0N3
698000,1bd1ba700sqft- Condo for sale,1,1,700,Condo for sale,V6B 5T5
849000,1bd1ba660sqft- Condo for sale,1,1,660,Condo for sale,V6B 0H1
599000,1bd1ba526sqft- Condo for sale,1,1,526,Condo for sale,V6E 4P1
629000,1bd1ba688sqft- Condo for sale,1,1,688,Condo for sale,V6A 4L9
1399900,"3bds3ba1,315sqft- Multi-family home for sale",3,3,"1,315",Multi-family home for sale,V5L 1Y1
1238000,"2bds2ba1,344sqft- Condo for sale",2,2,"1,344",Condo for sale,V6G 2V7
1599000,"3bds2ba1,460sqft- House for sale",3,2,"1,460",House for sale,V5N 5E7
1999900,"3bds3ba1,239sqft- Townhouse for sale",3,3,"1,239",Townhouse for sale,V5Y 4B4
1799000,"3bds3ba1,511sqft- House for sale",3,3,"1,511",House for sale,V5L 2N3
429000,1bd1ba446sqft- Condo for sale,1,1,446,Condo for sale,V5T 4J2
899800,2bds2ba883sqft- Condo for sale,2,2,883,Condo for sale,V6E 1J3
1499900,"3bds3ba1,379sqft- Multi-family home for sale",3,3,"1,379",Multi-family home for sale,V5X 1B9
5190000,"2bds3ba2,387sqft- Condo for sale",2,3,"2,387",Condo for sale,V6E 0A8
1368000,"2bds2ba1,463sqft- Condo for sale",2,2,"1,463",Condo for sale,V5Z 1P5
7680000,"5bds7ba5,479sqft- House for sale",5,7,"5,479",House for sale,V6N 2L9
1588800,"3bds3ba1,450sqft- Multi-family home for sale",3,3,"1,450",Multi-family home for sale,V5W 3J2
2998000,"7bds5ba2,366sqft- House for sale",7,5,"2,366",House for sale,V5X 2L5
9898000,"6bds7ba5,691sqft- House for sale",6,7,"5,691",House for sale,V6N 2P1
485000,Studio1ba421sqft- Condo for sale,0,1,421,Condo for sale,V6E 4V3
1099900,1bd2ba830sqft- Condo for sale,1,2,830,Condo for sale,V5Y 1E3
2080000,"2bds3ba1,424sqft- Townhouse for sale",2,3,"1,424",Townhouse for sale,V6G 3E8
3390000,"5bds5ba3,429sqft- House for sale",5,5,"3,429",House for sale,V5Y 2W2
1699000,"3bds2ba1,283sqft- Townhouse for sale",3,2,"1,283",Townhouse for sale,V6J 1T8
968000,2bds2ba889sqft- Condo for sale,2,2,889,Condo for sale,V6J 5J1
9680000,"5bds6ba5,375sqft- House for sale",5,6,"5,375",House for sale,V6L 2L2
1290000,"4bds3ba1,151sqft- Multi-family home for sale",4,3,"1,151",Multi-family home for sale,V6P 2W5
799999,1bd1ba697sqft- Condo for sale,1,1,697,Condo for sale,V6J 3G5
775000,2bds2ba791sqft- Condo for sale,2,2,791,Condo for sale,V5N 4Y8
659000,2bds1ba660sqft- Condo for sale,2,1,660,Condo for sale,V6Z 2N7
689000,1bd1ba545sqft- Condo for sale,1,1,545,Condo for sale,V6Z 0E3
3598000,"10bds8ba5,385sqft- House for sale",10,8,"5,385",House for sale,V5S 2S3
4998000,"2bds3ba2,838sqft- Condo for sale",2,3,"2,838",Condo for sale,V6G 3H3
4999999,"8bds4ba5,840sqft- Multi-family home for sale",8,4,"5,840",Multi-family home for sale,V6J 1C3
2875000,"4bds4ba2,237sqft- Multi-family home for sale",4,4,"2,237",Multi-family home for sale,V6M 1P4
2550000,"3bds4ba1,537sqft- Multi-family home for sale",3,4,"1,537",Multi-family home for sale,V6R 3B5
5580000,"5bds6ba4,830sqft- House for sale",5,6,"4,830",House for sale,V6P 2G2
659000,1bd1ba510sqft- Condo for sale,1,1,510,Condo for sale,V6B 1E6
568000,1bd1ba556sqft- Condo for sale,1,1,556,Condo for sale,V6E 3V1
899900,1bd1ba750sqft- Condo for sale,1,1,750,Condo for sale,V6B 2S2
1230000,2bds2ba920sqft- Condo for sale,2,2,920,Condo for sale,V5T 0H6
1249900,"2bds3ba1,141sqft- Townhouse for sale",2,3,"1,141",Townhouse for sale,V5N 3V8
5990000,"6bds7ba4,709sqft- House for sale",6,7,"4,709",House for sale,V6M 2L9
1998000,"6bds4ba2,887sqft- House for sale",6,4,"2,887",House for sale,V5K 1L1
6580000,"9bds8ba5,091sqft- House for sale",9,8,"5,091",House for sale,V6N 2V5
779000,2bds2ba806sqft- Condo for sale,2,2,806,Condo for sale,V5X 3T3
750000,2bds1ba629sqft- Condo for sale,2,1,629,Condo for sale,V6Z 0E3
788000,2bds2ba786sqft- Condo for sale,2,2,786,Condo for sale,V5R 0E4
2188000,"5bds4ba1,862sqft- Multi-family home for sale",5,4,"1,862",Multi-family home for sale,V5S 2C7
4780000,"4bds5ba3,515sqft- House for sale",4,5,"3,515",House for sale,V6P 1J6
1399000,"3bds3ba1,111sqft- Multi-family home for sale",3,3,"1,111",Multi-family home for sale,V5N 4J6
495000,1bd1ba556sqft- Condo for sale,1,1,556,Condo for sale,V5S 4V3
988000,2bds2ba978sqft- Condo for sale,2,2,978,Condo for sale,V6N 3E6
1489500,"2bds2ba1,227sqft- Townhouse for sale",2,2,"1,227",Townhouse for sale,V6J 4W2
790000,2bds2ba809sqft- Condo for sale,2,2,809,Condo for sale,V5X 3T3
10280000,"4bds3ba4,410sqft- House for sale",4,3,"4,410",House for sale,V6H 2J4
1699000,"3bds3ba1,543sqft- Townhouse for sale",3,3,"1,543",Townhouse for sale,V5L 4K3
1350000,"2bds2ba1,437sqft- Condo for sale",2,2,"1,437",Condo for sale,V5Z 4L2
834900,2bds2ba994sqft- Condo for sale,2,2,994,Condo for sale,V6G 1M6
485000,Studio1ba421sqft- Condo for sale,0,1,421,Condo for sale,V6E 4V3
1099900,1bd2ba830sqft- Condo for sale,1,2,830,Condo for sale,V5Y 1E3
2080000,"2bds3ba1,424sqft- Townhouse for sale",2,3,"1,424",Townhouse for sale,V6G 3E8
3390000,"5bds5ba3,429sqft- House for sale",5,5,"3,429",House for sale,V5Y 2W2
1699000,"3bds2ba1,283sqft- Townhouse for sale",3,2,"1,283",Townhouse for sale,V6J 1T8
968000,2bds2ba889sqft- Condo for sale,2,2,889,Condo for sale,V6J 5J1
9680000,"5bds6ba5,375sqft- House for sale",5,6,"5,375",House for sale,V6L 2L2
1290000,"4bds3ba1,151sqft- Multi-family home for sale",4,3,"1,151",Multi-family home for sale,V6P 2W5
799999,1bd1ba697sqft- Condo for sale,1,1,697,Condo for sale,V6J 3G5
775000,2bds2ba791sqft- Condo for sale,2,2,791,Condo for sale,V5N 4Y8
659000,2bds1ba660sqft- Condo for sale,2,1,660,Condo for sale,V6Z 2N7
689000,1bd1ba545sqft- Condo for sale,1,1,545,Condo for sale,V6Z 0E3
3598000,"10bds8ba5,385sqft- House for sale",10,8,"5,385",House for sale,V5S 2S3
4998000,"2bds3ba2,838sqft- Condo for sale",2,3,"2,838",Condo for sale,V6G 3H3
4999999,"8bds4ba5,840sqft- Multi-family home for sale",8,4,"5,840",Multi-family home for sale,V6J 1C3
2875000,"4bds4ba2,237sqft- Multi-family home for sale",4,4,"2,237",Multi-family home for sale,V6M 1P4
2550000,"3bds4ba1,537sqft- Multi-family home for sale",3,4,"1,537",Multi-family home for sale,V6R 3B5
5580000,"5bds6ba4,830sqft- House for sale",5,6,"4,830",House for sale,V6P 2G2
659000,1bd1ba510sqft- Condo for sale,1,1,510,Condo for sale,V6B 1E6
568000,1bd1ba556sqft- Condo for sale,1,1,556,Condo for sale,V6E 3V1
899900,1bd1ba750sqft- Condo for sale,1,1,750,Condo for sale,V6B 2S2
1230000,2bds2ba920sqft- Condo for sale,2,2,920,Condo for sale,V5T 0H6
1249900,"2bds3ba1,141sqft- Townhouse for sale",2,3,"1,141",Townhouse for sale,V5N 3V8
5990000,"6bds7ba4,709sqft- House for sale",6,7,"4,709",House for sale,V6M 2L9
1998000,"6bds4ba2,887sqft- House for sale",6,4,"2,887",House for sale,V5K 1L1
6580000,"9bds8ba5,091sqft- House for sale",9,8,"5,091",House for sale,V6N 2V5
779000,2bds2ba806sqft- Condo for sale,2,2,806,Condo for sale,V5X 3T3
750000,2bds1ba629sqft- Condo for sale,2,1,629,Condo for sale,V6Z 0E3
788000,2bds2ba786sqft- Condo for sale,2,2,786,Condo for sale,V5R 0E4
2188000,"5bds4ba1,862sqft- Multi-family home for sale",5,4,"1,862",Multi-family home for sale,V5S 2C7
4780000,"4bds5ba3,515sqft- House for sale",4,5,"3,515",House for sale,V6P 1J6
1399000,"3bds3ba1,111sqft- Multi-family home for sale",3,3,"1,111",Multi-family home for sale,V5N 4J6
495000,1bd1ba556sqft- Condo for sale,1,1,556,Condo for sale,V5S 4V3
988000,2bds2ba978sqft- Condo for sale,2,2,978,Condo for sale,V6N 3E6
1489500,"2bds2ba1,227sqft- Townhouse for sale",2,2,"1,227",Townhouse for sale,V6J 4W2
790000,2bds2ba809sqft- Condo for sale,2,2,809,Condo for sale,V5X 3T3
10280000,"4bds3ba4,410sqft- House for sale",4,3,"4,410",House for sale,V6H 2J4
1699000,"3bds3ba1,543sqft- Townhouse for sale",3,3,"1,543",Townhouse for sale,V5L 4K3
1350000,"2bds2ba1,437sqft- Condo for sale",2,2,"1,437",Condo for sale,V5Z 4L2
834900,2bds2ba994sqft- Condo for sale,2,2,994,Condo for sale,V6G 1M6
3999999,"3bds4ba3,085sqft- House for sale",3,4,"3,085",House for sale,V6N 3Z2
1199000,2bds2ba928sqft- Condo for sale,2,2,928,Condo for sale,V6B 0A7
1148000,"2bds2ba1,300sqft- Condo for sale",2,2,"1,300",Condo for sale,V6J 4X8
6968000,"7bds8ba6,950sqft- House for sale",7,8,"6,950",House for sale,V6P 5B3
2999900,"5bds5ba1,925sqft- Multi-family home for sale",5,5,"1,925",Multi-family home for sale,V6R 3H7
3798000,"6bds5ba4,817sqft- House for sale",6,5,"4,817",House for sale,V6N 1E5
649000,1bd1ba632sqft- Condo for sale,1,1,632,Condo for sale,V5T 1L5
5500000,"3bds3ba2,066sqft- Condo for sale",3,3,"2,066",Condo for sale,V6G 1A5
4780000,"3bds3ba2,387sqft- Condo for sale",3,3,"2,387",Condo for sale,V6E 0A8
4880000,"2bds3ba2,203sqft- Condo for sale",2,3,"2,203",Condo for sale,V6C 0B5
2099000,"2bds2ba1,144sqft- Condo for sale",2,2,"1,144",Condo for sale,V6B 1K2
1999999,"6bds5ba2,251sqft- Multi-family home for sale",6,5,"2,251",Multi-family home for sale,V5S 2G9
475000,Studio1ba536sqft- Condo for sale,0,1,536,Condo for sale,V5Z 4A6
3580000,"7bds4ba3,178sqft- House for sale",7,4,"3,178",House for sale,V6L 1L2
2999000,"4bds3ba2,188sqft- Townhouse for sale",4,3,"2,188",Townhouse for sale,V5T 2T5
579000,1bd1ba530sqft- Condo for sale,1,1,530,Condo for sale,V6Z 2S6
799000,1bd1ba651sqft- Condo for sale,1,1,651,Condo for sale,V6K 4T4
4970000,"5bds4ba3,275sqft- House for sale",5,4,"3,275",House for sale,V6R 2C6
599900,2bds1ba883sqft- Condo for sale,2,1,883,Condo for sale,V6P 3E7
1398000,"3bds4ba1,373sqft- Multi-family home for sale",3,4,"1,373",Multi-family home for sale,V5V 4Z2
3899000,"4bds5ba2,463sqft- Multi-family home for sale",4,5,"2,463",Multi-family home for sale,V6K 1J7
1499900,"2bds2ba1,419sqft- Townhouse for sale",2,2,"1,419",Townhouse for sale,V6H 3W6
4380000,"2bds3ba2,441sqft- Condo for sale",2,3,"2,441",Condo for sale,V6E 0A8
960000,"1bd1ba1,013sqft- Condo for sale",1,1,"1,013",Condo for sale,V6L 3B7
1948800,"3bds4ba1,783sqft- Townhouse for sale",3,4,"1,783",Townhouse for sale,V6M 2W2
3599000,"7bds4ba3,072sqft- Multi-family home for sale",7,4,"3,072",Multi-family home for sale,V5Y 1W1
4168000,"3bds4ba2,846sqft- House for sale",3,4,"2,846",House for sale,V6M 1E5
1150000,"2bds2ba1,036sqft- Condo for sale",2,2,"1,036",Condo for sale,V6Z 2T9
1349000,"2bds2ba1,400sqft- Townhouse for sale",2,2,"1,400",Townhouse for sale,V5Z 0C8
1260000,"3bds3ba1,032sqft- Multi-family home for sale",3,3,"1,032",Multi-family home for sale,V5R 4S6
733000,2bds2ba838sqft- Condo for sale,2,2,838,Condo for sale,V5L 0A5
849900,1bd2ba672sqft- Townhouse for sale,1,2,672,Townhouse for sale,V6J 2E2
1765000,"3bds3ba1,580sqft- Townhouse for sale",3,3,"1,580",Townhouse for sale,V5Y 1V5
599900,1bd1ba505sqft- Condo for sale,1,1,505,Condo for sale,V6Z 2X6
659900,1bd1ba756sqft- Condo for sale,1,1,756,Condo for sale,V6A 4H3
1999000,"3bds4ba1,851sqft- Townhouse for sale",3,4,"1,851",Townhouse for sale,V6M 2W2
3888000,"3bds3ba1,825sqft- Condo for sale",3,3,"1,825",Condo for sale,V6Z 3B8
7999900,"3bds4ba4,348sqft- Condo for sale",3,4,"4,348",Condo for sale,V6E 4L5
1628000,"3bds4ba1,495sqft- Multi-family home for sale",3,4,"1,495",Multi-family home for sale,V5W 1J3
4198000,"5bds7ba3,558sqft- House for sale",5,7,"3,558",House for sale,V6S 1A5
